"gcm","year","sum_hdd","max_hdd","sum_hdd-2","max_hdd-2"
"CMCC-CM2-SR5","2015","3133.1602336764336","28.525792598724365","17.713533401489258","7.624542236328125"
"CMCC-CM2-SR5","2016","2313.356350224465","21.590033560991287","19.673192977905273","6.016410827636719"
"CMCC-CM2-SR5","2017","2996.8235728051513","24.9496750831604","54.29766893386841","9.50963306427002"
"CMCC-CM2-SR5","2018","2590.250524625182","24.860775470733643","48.538222312927246","6.919161796569824"
"CMCC-CM2-SR5","2019","2407.5891670673154","18.289941012859344","173.6892499923706","10.225872993469238"
"CMCC-CM2-SR5","2020","2409.9485759120435","20.621983870863914","49.46875619888306","8.730034828186035"
"CMCC-CM2-SR5","2021","2403.65311412327","21.76809126138687","175.29643058776855","9.203760147094727"
"CMCC-CM2-SR5","2022","2761.672250762582","23.61237072944641","18.58003807067871","6.693183898925781"
"CMCC-CM2-SR5","2023","2815.232443066314","27.277159214019775","30.20259952545166","6.371217727661133"
"CMCC-CM2-SR5","2024","2448.8626408316195","17.055281380191445","72.65130519866943","9.189311027526855"
"CMCC-CM2-SR5","2025","2686.424942667363","21.016677618026733","43.13729286193848","7.342965126037598"
"CMCC-CM2-SR5","2026","2647.29699341394","18.81495649367571","30.095662117004395","5.7458906173706055"
"CMCC-CM2-SR5","2027","2732.89483429119","24.329354524612427","104.43457889556885","10.185395240783691"
"CMCC-CM2-SR5","2028","2572.0898627489805","22.71742558479309","85.7630090713501","9.059266090393066"
"CMCC-CM2-SR5","2029","2585.7551398740106","19.565142154693604","54.32573890686035","9.242574691772461"
"CMCC-CM2-SR5","2030","2562.342906029895","18.190953254699707","76.12008762359619","10.033883094787598"
"CMCC-CM2-SR5","2031","2312.118408153765","20.236112371087074","72.76956272125244","6.182258605957031"
"CMCC-CM2-SR5","2032","2284.1047848686576","17.90344873070717","26.624736309051514","5.951807975769043"
"CMCC-CM2-SR5","2033","2556.9959434606135","17.240650042891502","31.49928092956543","6.915314674377441"
"CMCC-CM2-SR5","2034","2140.911311276257","18.729618549346924","144.9353313446045","8.543464660644531"
"CMCC-CM2-SR5","2035","2253.782692492008","20.048609003424644","106.0693130493164","8.13483715057373"
"CMCC-CM2-SR5","2036","2552.639811951667","21.342860162258148","29.2285099029541","5.818523406982422"
"CMCC-CM2-SR5","2037","2175.4492312239017","16.57964751124382","65.65263557434082","10.62254810333252"
"CMCC-CM2-SR5","2038","2347.8219148293138","17.29181143641472","32.0094108581543","6.091184616088867"
"CMCC-CM2-SR5","2039","2092.3431619107723","22.36239868402481","53.185354232788086","6.964632034301758"
"CMCC-CM2-SR5","2040","2385.5387275591493","20.714443385601044","85.71956825256348","12.275850296020508"
"CMCC-CM2-SR5","2041","2461.055307894014","17.120442549698055","36.08298110961914","5.118220329284668"
"CMCC-CM2-SR5","2042","2478.2523311725818","22.58732870221138","101.31496334075928","9.491382598876953"
"CMCC-CM2-SR5","2043","2540.4489327613264","23.2425639629364","74.8951005935669","6.802013397216797"
"CMCC-CM2-SR5","2044","2597.042901890585","21.549063608050346","24.791016578674316","8.34073257446289"
"CMCC-CM2-SR5","2045","2165.2775219948962","20.224344074726105","184.1750831604004","11.893282890319824"
"CMCC-CM2-SR5","2046","2092.127705357969","19.430723071098328","94.90769100189209","13.238118171691895"
"CMCC-CM2-SR5","2047","2197.073510678485","22.91682869195938","75.09313869476318","9.484539031982422"
"CMCC-CM2-SR5","2048","2164.010228484869","15.17957603931427","169.6330690383911","7.582249641418457"
"CMCC-CM2-SR5","2049","2321.87161834538","20.75253975391388","75.43383979797363","10.64592456817627"
"CMCC-CM2-SR5","2050","2324.2345267962664","18.82985258102417","75.9445276260376","10.685392379760742"
"CMCC-CM2-SR5","2051","2231.596977951005","20.297814324498177","94.89300537109375","10.270073890686035"
"CMCC-CM2-SR5","2052","2220.598983754404","15.568538010120392","67.62151527404785","14.979240417480469"
"CMCC-CM2-SR5","2053","2108.463862674311","22.67343020439148","177.48402976989746","9.093799591064453"
"CMCC-CM2-SR5","2054","2361.348100423813","24.675456523895264","113.9445276260376","8.128664016723633"
"CMCC-CM2-SR5","2055","2273.0639496762305","17.01287829130888","159.6047773361206","8.703497886657715"
"CMCC-CM2-SR5","2056","1901.3720303680748","17.724956929683685","216.8516321182251","10.284571647644043"
"CMCC-CM2-SR5","2057","2015.6531780660152","20.036037802696228","96.34886074066162","9.680438041687012"
"CMCC-CM2-SR5","2058","2619.2655024360865","25.57566237449646","64.17981338500977","7.233429908752441"
"CMCC-CM2-SR5","2059","2041.7753525227308","20.323237717151642","182.9879732131958","10.391777038574219"
"CMCC-CM2-SR5","2060","1937.3480687439442","14.816815733909607","265.1161775588989","12.044024467468262"
"CMCC-CM2-SR5","2061","2154.0280331317335","20.087199568748474","267.31397438049316","12.11587142944336"
"CMCC-CM2-SR5","2062","2318.8070018645376","21.27050030231476","87.37662601470947","6.260335922241211"
"CMCC-CM2-SR5","2063","1983.841904848814","15.410344362258911","424.76578521728516","13.60544490814209"
"CMCC-CM2-SR5","2064","2183.3032372500747","18.166967511177063","160.62631034851074","9.443923950195312"
"CMCC-CM2-SR5","2065","1965.7703880146146","22.262331247329712","267.0182771682739","13.853549003601074"
"CMCC-CM2-SR5","2066","1988.5745655335486","17.149963855743408","325.8535804748535","11.981755256652832"
"CMCC-CM2-SR5","2067","2153.705901543144","20.630288004875183","164.06660652160645","9.836348533630371"
"CMCC-CM2-SR5","2068","2582.489405740751","28.911508560180664","163.86493301391602","13.231318473815918"
"CMCC-CM2-SR5","2069","2253.815804134123","21.098325967788696","49.37960433959961","7.602334022521973"
"CMCC-CM2-SR5","2070","2494.6597252078354","24.447310090065002","116.4303183555603","10.919919967651367"
"CMCC-CM2-SR5","2071","1823.6827932968736","17.936091661453247","96.28790950775146","6.808893203735352"
"CMCC-CM2-SR5","2072","1936.171213530004","26.938718795776367","153.7157688140869","10.496695518493652"
"CMCC-CM2-SR5","2073","1857.9333975613117","16.95032101869583","110.56715297698975","10.070578575134277"
"CMCC-CM2-SR5","2074","1956.8506361996988","20.74251839518547","154.97696113586426","10.754728317260742"
"CMCC-CM2-SR5","2075","2123.74475043267","20.306366562843323","61.22500133514404","7.940838813781738"
"CMCC-CM2-SR5","2076","2279.401856990531","21.726210363209248","342.87960624694824","12.65450668334961"
"CMCC-CM2-SR5","2077","1826.4730186983943","18.25945472717285","180.13637447357178","10.968198776245117"
"CMCC-CM2-SR5","2078","2069.728252507746","18.60894399881363","161.73089218139648","9.174968719482422"
"CMCC-CM2-SR5","2079","1548.4815639033914","16.888945817947388","142.2534122467041","11.743904113769531"
"CMCC-CM2-SR5","2080","2019.6106794402003","17.573659777641296","248.5908317565918","13.758800506591797"
"CMCC-CM2-SR5","2081","2065.7846045251936","17.688041925430298","198.93691158294678","11.27409839630127"
"CMCC-CM2-SR5","2082","1893.4376787692308","20.650685489177704","265.8046474456787","14.999273300170898"
"CMCC-CM2-SR5","2083","1862.8330129534006","17.348933190107346","135.00348806381226","11.700214385986328"
"CMCC-CM2-SR5","2084","1850.4919652715325","16.813237003982067","142.30799198150635","9.47998332977295"
"CMCC-CM2-SR5","2085","1987.1622441112995","16.29448914527893","402.90395069122314","14.224610328674316"
"CMCC-CM2-SR5","2086","1959.838524308434","19.549935400485992","325.4091739654541","11.40476131439209"
"CMCC-CM2-SR5","2087","1711.4562628353378","16.35031453989359","397.270694732666","11.629598617553711"
"CMCC-CM2-SR5","2088","2043.1320687308908","22.16759216785431","285.0042428970337","14.956391334533691"
"CMCC-CM2-SR5","2089","2029.222103599459","21.854851007461548","298.7358989715576","11.105475425720215"
"CMCC-CM2-SR5","2090","1930.1520296726376","17.537151128053665","343.8446340560913","15.385873794555664"
"CMCC-CM2-SR5","2091","1852.142329722643","16.7120401263237","282.7716073989868","12.834196090698242"
"CMCC-CM2-SR5","2092","1856.6081898212433","16.489265084266663","180.41633224487305","13.181048393249512"
"CMCC-CM2-SR5","2093","1987.5602536387742","21.20987594127655","156.51521682739258","12.199799537658691"
"CMCC-CM2-SR5","2094","1707.9682352431118","16.655800819396973","139.08415603637695","10.51540756225586"
"CMCC-CM2-SR5","2095","2175.968254112173","19.639762043952942","152.2891674041748","11.345613479614258"
"CMCC-CM2-SR5","2096","1820.8448019623756","13.788360357284546","137.6098117828369","7.720707893371582"
"CMCC-CM2-SR5","2097","1948.4063244909048","18.98496052622795","296.68964672088623","14.067520141601562"
"CMCC-CM2-SR5","2098","1789.18823793903","16.282921999692917","133.47159671783447","9.031229019165039"
"CMCC-CM2-SR5","2099","1985.8048931729572","14.982103765010834","279.9420623779297","10.258245468139648"
"CMCC-CM2-SR5","2100","1919.4032029677182","16.15122961997986","372.1040449142456","14.70458984375"
"EC-Earth3-Veg","2015","2538.2626537308097","19.83978061378002","90.49811553955078","9.043082237243652"
"EC-Earth3-Veg","2016","2613.4145328076556","23.567874789237976","27.203152656555176","5.140070915222168"
"EC-Earth3-Veg","2017","2449.9889237126336","19.970247767865658","3.048140525817871","3.048140525817871"
"EC-Earth3-Veg","2018","2587.473136357963","21.132665276527405","16.38488006591797","6.26573371887207"
"EC-Earth3-Veg","2019","2507.598186848685","21.501187443733215","38.13868713378906","6.815647125244141"
"EC-Earth3-Veg","2020","2444.530056722462","20.84343910217285","31.20516586303711","6.065282821655273"
"EC-Earth3-Veg","2021","2458.3217184245586","24.672470211982727","39.39082622528076","5.465267181396484"
"EC-Earth3-Veg","2022","2619.2416241187602","25.786283493041992","80.80951881408691","8.284285545349121"
"EC-Earth3-Veg","2023","2863.9137335654814","22.886757850646973","119.00898838043213","10.2475004196167"
"EC-Earth3-Veg","2024","2549.4405281979125","22.952214539051056","11.215728759765625","5.019758224487305"
"EC-Earth3-Veg","2025","2601.578287124634","22.876447796821594","72.56777048110962","7.576773643493652"
"EC-Earth3-Veg","2026","2354.555324010551","21.190636038780212","31.099117279052734","7.810323715209961"
"EC-Earth3-Veg","2027","2640.7672300576232","22.198923110961914","62.46974849700928","5.805793762207031"
"EC-Earth3-Veg","2028","2506.278109677136","23.411726474761963","64.76670360565186","7.7917375564575195"
"EC-Earth3-Veg","2029","2489.8643389176577","22.12225651741028","239.1604642868042","11.551012992858887"
"EC-Earth3-Veg","2030","2895.5616326751187","23.91352891921997","22.51024055480957","5.695378303527832"
"EC-Earth3-Veg","2031","2614.8661706484854","21.07212793827057","44.406065940856934","5.656048774719238"
"EC-Earth3-Veg","2032","2332.0763768141624","22.301358580589294","44.00056743621826","5.366032600402832"
"EC-Earth3-Veg","2033","2338.1936353184283","19.79797661304474","24.00496006011963","5.1794328689575195"
"EC-Earth3-Veg","2034","2289.465273092035","22.339482367038727","38.456217765808105","8.123818397521973"
"EC-Earth3-Veg","2035","2698.3587621734478","24.161538183689117","3.2348008155822754","3.2348008155822754"
"EC-Earth3-Veg","2036","2845.316433124244","24.284290075302124","123.43980693817139","9.729134559631348"
"EC-Earth3-Veg","2037","2606.325190463336","20.343843806535006","24.45175552368164","4.841193199157715"
"EC-Earth3-Veg","2038","2530.1965298247524","22.55489933490753","20.487313270568848","5.189497947692871"
"EC-Earth3-Veg","2039","2255.212320201099","20.3310327231884","49.13235569000244","6.296309471130371"
"EC-Earth3-Veg","2040","2317.695451628417","19.95994982123375","104.08133316040039","9.269540786743164"
"EC-Earth3-Veg","2041","2020.3123733862303","19.506064906716347","53.52633571624756","6.638461112976074"
"EC-Earth3-Veg","2042","2580.201458624564","22.35676908493042","69.71208190917969","9.365076065063477"
"EC-Earth3-Veg","2043","2244.579519942403","25.438456296920776","237.24156284332275","11.557291030883789"
"EC-Earth3-Veg","2044","2428.282287865877","20.75191420316696","143.65083026885986","9.624661445617676"
"EC-Earth3-Veg","2045","2523.4529353361577","22.082460641860962","0","0"
"EC-Earth3-Veg","2046","2353.5346807632595","20.288050362840295","54.796268463134766","8.690720558166504"
"EC-Earth3-Veg","2047","2274.557200808078","21.564692199230194","55.24142265319824","10.501954078674316"
"EC-Earth3-Veg","2048","2438.7146488949656","16.780977204442024","27.022194862365723","5.465399742126465"
"EC-Earth3-Veg","2049","2524.6563601111993","19.488556995987892","138.5937876701355","9.006407737731934"
"EC-Earth3-Veg","2050","2116.025909975171","17.305155158042908","25.343027114868164","5.722578048706055"
"EC-Earth3-Veg","2051","2398.173336058855","20.19742578268051","59.74479007720947","5.900094032287598"
"EC-Earth3-Veg","2052","2549.9362286515534","21.673710107803345","72.33339023590088","8.651527404785156"
"EC-Earth3-Veg","2053","2524.642612846568","20.355664044618607","65.36587429046631","7.103896141052246"
"EC-Earth3-Veg","2054","2180.835618181154","19.432060539722443","85.53856945037842","9.197469711303711"
"EC-Earth3-Veg","2055","2201.490743885748","18.78363311290741","70.55995655059814","8.412903785705566"
"EC-Earth3-Veg","2056","2384.461435103789","19.869153844192624","18.79285717010498","4.95181941986084"
"EC-Earth3-Veg","2057","2739.485909412615","27.75952696800232","151.1581802368164","10.453988075256348"
"EC-Earth3-Veg","2058","2451.3121725211386","24.313863515853882","21.71255397796631","6.141678810119629"
"EC-Earth3-Veg","2059","2173.112745139748","20.30832004547119","75.91309642791748","10.777861595153809"
"EC-Earth3-Veg","2060","2800.644119184464","26.06988000869751","65.79329204559326","8.659855842590332"
"EC-Earth3-Veg","2061","2277.7450361140072","22.58138084411621","14.883712768554688","7.075094223022461"
"EC-Earth3-Veg","2062","2412.3817133363336","22.17533776164055","162.46438026428223","12.428936004638672"
"EC-Earth3-Veg","2063","2319.157745955512","26.0186710357666","57.40546417236328","8.610831260681152"
"EC-Earth3-Veg","2064","2325.4469249516924","21.81347131729126","84.73181056976318","8.87000846862793"
"EC-Earth3-Veg","2065","2226.0762196183205","20.632247030735016","153.62048435211182","9.760570526123047"
"EC-Earth3-Veg","2066","2524.212367215194","27.135762929916382","68.39871311187744","8.195096969604492"
"EC-Earth3-Veg","2067","2254.730832621455","25.072898864746094","183.23668098449707","12.186861991882324"
"EC-Earth3-Veg","2068","1984.2761159427464","18.192676797509193","288.394793510437","10.6056547164917"
"EC-Earth3-Veg","2069","2244.9187773019075","22.264765858650208","201.66107654571533","10.305316925048828"
"EC-Earth3-Veg","2070","2519.2123903837055","23.96511721611023","64.64758777618408","6.070855140686035"
"EC-Earth3-Veg","2071","2263.765315532859","25.112582445144653","41.02898693084717","8.222103118896484"
"EC-Earth3-Veg","2072","2393.977190617472","19.968383610248566","47.040456771850586","6.98599910736084"
"EC-Earth3-Veg","2073","2391.097239337556","20.550590991973877","73.27346706390381","9.301466941833496"
"EC-Earth3-Veg","2074","2220.865607524989","21.302315592765808","172.55127334594727","10.057825088500977"
"EC-Earth3-Veg","2075","2089.201872393489","15.81872807443142","64.57072734832764","9.441825866699219"
"EC-Earth3-Veg","2076","2218.2591440603137","17.424628347158432","163.0336503982544","9.464875221252441"
"EC-Earth3-Veg","2077","2394.8072605729103","25.51293444633484","97.61641597747803","7.624958038330078"
"EC-Earth3-Veg","2078","1963.291987016797","20.319365084171295","128.51732921600342","13.232095718383789"
"EC-Earth3-Veg","2079","2194.0155188962817","24.30439519882202","61.331207275390625","8.955452919006348"
"EC-Earth3-Veg","2080","2335.892642799765","21.661140501499176","219.7759370803833","9.688299179077148"
"EC-Earth3-Veg","2081","2294.3406033646315","25.064370155334473","56.7943811416626","6.543567657470703"
"EC-Earth3-Veg","2082","2033.1919786930084","15.546391785144806","96.76476383209229","8.812822341918945"
"EC-Earth3-Veg","2083","2134.9368870034814","19.858790189027786","108.90246772766113","8.90631103515625"
"EC-Earth3-Veg","2084","2198.562524834648","19.668630465865135","246.3044605255127","10.751920700073242"
"EC-Earth3-Veg","2085","2125.765284035355","22.151299953460693","203.11802291870117","9.7410306930542"
"EC-Earth3-Veg","2086","2155.9383000794332","19.585590571165085","212.99640464782715","9.446477890014648"
"EC-Earth3-Veg","2087","1951.8360732216388","21.558804094791412","37.17264747619629","8.714761734008789"
"EC-Earth3-Veg","2088","2050.8332820162177","21.9542418718338","101.04606533050537","8.806102752685547"
"EC-Earth3-Veg","2089","2215.4103862307966","20.943401277065277","75.49482250213623","9.211947441101074"
"EC-Earth3-Veg","2090","2267.2206459287554","22.483572363853455","190.43715286254883","11.107393264770508"
"EC-Earth3-Veg","2091","2247.2815020382404","24.517215728759766","71.23672294616699","6.726873397827148"
"EC-Earth3-Veg","2092","2204.150554439053","21.700784295797348","84.70435428619385","9.603340148925781"
"EC-Earth3-Veg","2093","2231.2896993011236","21.761541962623596","149.20314598083496","9.95550537109375"
"EC-Earth3-Veg","2094","2260.667964179069","22.67769765853882","85.55175018310547","7.29603385925293"
"EC-Earth3-Veg","2095","1932.2305260002613","19.38849326968193","181.03586959838867","10.757922172546387"
"EC-Earth3-Veg","2096","1934.1883747624233","19.88655923306942","86.16720199584961","9.269502639770508"
"EC-Earth3-Veg","2097","1830.9037534268573","18.08303689956665","199.21866416931152","10.950151443481445"
"EC-Earth3-Veg","2098","1796.3451490588486","17.446260899305344","148.94995784759521","7.849814414978027"
"EC-Earth3-Veg","2099","2135.16170126386","25.11229181289673","97.33331394195557","9.33121395111084"
"EC-Earth3-Veg","2100","1973.6441332399845","15.746638476848602","108.10334014892578","11.597641944885254"
"IPSL-CM6A-LR","2015","2618.5678088422865","24.2188560962677","82.62571048736572","10.242607116699219"
"IPSL-CM6A-LR","2016","2697.209577321075","26.154006719589233","47.809486389160156","6.342157363891602"
"IPSL-CM6A-LR","2017","2193.2514803875238","21.709816932678223","136.16316890716553","8.605873107910156"
"IPSL-CM6A-LR","2018","2703.856299497187","29.827043533325195","137.19962310791016","7.4950361251831055"
"IPSL-CM6A-LR","2019","2450.9974432396702","26.756229639053345","120.17529201507568","7.370644569396973"
"IPSL-CM6A-LR","2020","2863.041142317001","29.935367584228516","53.797828674316406","7.0445404052734375"
"IPSL-CM6A-LR","2021","2480.46462937817","23.317294716835022","58.55122756958008","5.954385757446289"
"IPSL-CM6A-LR","2022","2545.352439960465","23.363823413848877","97.14010238647461","9.399750709533691"
"IPSL-CM6A-LR","2023","2920.575242373743","27.531670808792114","73.49730682373047","7.051319122314453"
"IPSL-CM6A-LR","2024","2177.6879266686738","18.507946610450745","90.96789836883545","6.5161237716674805"
"IPSL-CM6A-LR","2025","2453.952640220523","24.966222763061523","37.02081871032715","5.453556060791016"
"IPSL-CM6A-LR","2026","2324.3893165662885","20.26755827665329","75.65006446838379","6.806595802307129"
"IPSL-CM6A-LR","2027","2481.715652822517","19.839635625481606","35.954917907714844","5.841526985168457"
"IPSL-CM6A-LR","2028","2495.725634880364","22.99281883239746","20.15707015991211","5.402876853942871"
"IPSL-CM6A-LR","2029","2392.6349286064506","22.93792599439621","47.25756549835205","7.883288383483887"
"IPSL-CM6A-LR","2030","2581.9486798122525","22.03938400745392","138.5612030029297","9.135032653808594"
"IPSL-CM6A-LR","2031","2266.013652744703","19.755844950675964","52.21012783050537","5.89939022064209"
"IPSL-CM6A-LR","2032","2018.8370888829231","18.824231803417206","52.42661476135254","7.309717178344727"
"IPSL-CM6A-LR","2033","2277.875395487994","18.85334587097168","28.868440628051758","6.6633453369140625"
"IPSL-CM6A-LR","2034","1990.1879295255058","18.899858951568604","138.04322719573975","9.623602867126465"
"IPSL-CM6A-LR","2035","2559.2931373296306","20.667686756700277","44.30717372894287","6.252660751342773"
"IPSL-CM6A-LR","2036","2228.165238954127","19.601557046175003","85.5683183670044","6.9868974685668945"
"IPSL-CM6A-LR","2037","2518.673582116142","21.747034788131714","69.55704116821289","10.095062255859375"
"IPSL-CM6A-LR","2038","2366.144781410694","22.899123907089233","48.71243619918823","5.930594444274902"
"IPSL-CM6A-LR","2039","2340.4852025955915","21.772566556930542","105.83673858642578","7.838762283325195"
"IPSL-CM6A-LR","2040","2148.018146723509","19.717597484588623","99.02635765075684","8.00394058227539"
"IPSL-CM6A-LR","2041","2462.8180742328987","20.8665931224823","49.961514472961426","9.606184005737305"
"IPSL-CM6A-LR","2042","2588.8169856332242","23.314878702163696","43.1892614364624","5.237423896789551"
"IPSL-CM6A-LR","2043","2119.5617427099496","18.29567551612854","56.32901477813721","8.07150650024414"
"IPSL-CM6A-LR","2044","2572.7268875744194","26.25460958480835","127.14383506774902","11.930463790893555"
"IPSL-CM6A-LR","2045","2504.7862721942365","24.466213941574097","64.86810111999512","7.46903133392334"
"IPSL-CM6A-LR","2046","2580.740893194452","24.170451045036316","25.68494701385498","6.443011283874512"
"IPSL-CM6A-LR","2047","2261.3377600312233","17.848093688488007","61.568782806396484","7.426668167114258"
"IPSL-CM6A-LR","2048","2418.5798790045083","20.059321224689484","5.967055320739746","5.967055320739746"
"IPSL-CM6A-LR","2049","2042.3848850503564","18.858837723731995","224.27203750610352","8.293475151062012"
"IPSL-CM6A-LR","2050","2115.622007343918","17.208082169294357","68.6711368560791","8.449109077453613"
"IPSL-CM6A-LR","2051","2660.4636544436216","28.59604501724243","150.1049542427063","10.087817192077637"
"IPSL-CM6A-LR","2052","2504.3526007365435","20.848843574523926","173.66902542114258","7.607513427734375"
"IPSL-CM6A-LR","2053","2216.409021411091","19.766808807849884","99.2331953048706","6.114531517028809"
"IPSL-CM6A-LR","2054","2440.915548984427","25.47675395011902","120.7402515411377","6.564233779907227"
"IPSL-CM6A-LR","2055","2701.2383529022336","19.852484494447708","94.68667697906494","7.816981315612793"
"IPSL-CM6A-LR","2056","2424.7410104307346","25.72114586830139","133.60550498962402","10.88392448425293"
"IPSL-CM6A-LR","2057","2277.177787748631","20.029321432113647","119.15703868865967","7.847113609313965"
"IPSL-CM6A-LR","2058","2160.2889752984047","19.784607648849487","280.01557636260986","11.132665634155273"
"IPSL-CM6A-LR","2059","1999.008134573698","14.472368359565735","80.5779390335083","8.524410247802734"
"IPSL-CM6A-LR","2060","2231.4966581864282","25.009399890899658","118.39768600463867","8.555354118347168"
"IPSL-CM6A-LR","2061","1848.345057030907","18.54541504383087","62.49568557739258","6.995504379272461"
"IPSL-CM6A-LR","2062","2360.4811849500984","26.496215105056763","182.6270627975464","8.498433113098145"
"IPSL-CM6A-LR","2063","2092.5330043509603","20.696319982409477","117.58079051971436","8.816509246826172"
"IPSL-CM6A-LR","2064","2101.186105452478","18.68238341808319","150.79113245010376","12.979100227355957"
"IPSL-CM6A-LR","2065","2337.3910295430105","23.3308984041214","211.0942850112915","9.947314262390137"
"IPSL-CM6A-LR","2066","1969.4019271321595","20.65025618672371","79.07669973373413","8.800518989562988"
"IPSL-CM6A-LR","2067","2587.795873966068","20.821870505809784","88.24213600158691","8.188850402832031"
"IPSL-CM6A-LR","2068","2301.320465095341","24.153908908367157","169.46242237091064","6.710441589355469"
"IPSL-CM6A-LR","2069","2226.6570960190147","19.479800671339035","127.18811225891113","9.313423156738281"
"IPSL-CM6A-LR","2070","1715.5004403442144","17.015830911695957","73.29961395263672","8.309764862060547"
"IPSL-CM6A-LR","2071","2105.3016210757196","25.407385110855103","112.13252258300781","9.269508361816406"
"IPSL-CM6A-LR","2072","2090.66774263978","16.233123660087585","189.98936080932617","11.082490921020508"
"IPSL-CM6A-LR","2073","2015.5101933591068","22.017871856689453","256.4565553665161","13.853188514709473"
"IPSL-CM6A-LR","2074","1850.2392014861107","22.041234731674194","59.20718860626221","6.7741289138793945"
"IPSL-CM6A-LR","2075","2121.218337941915","22.645406126976013","248.0069179534912","10.766531944274902"
"IPSL-CM6A-LR","2076","1874.8141607418656","16.430731043219566","275.8052587509155","9.935089111328125"
"IPSL-CM6A-LR","2077","2554.928141778335","28.074145793914795","202.0730848312378","8.298718452453613"
"IPSL-CM6A-LR","2078","2120.6732738595456","22.752933502197266","21.99616241455078","6.700630187988281"
"IPSL-CM6A-LR","2079","2225.147949900478","23.552717089653015","136.9051685333252","10.072978973388672"
"IPSL-CM6A-LR","2080","1936.7360713779926","20.983550310134888","103.25756931304932","9.764822006225586"
"IPSL-CM6A-LR","2081","2145.343329945579","22.349493145942688","97.45878601074219","8.838448524475098"
"IPSL-CM6A-LR","2082","2163.5051881584805","21.254191398620605","52.73778820037842","8.783807754516602"
"IPSL-CM6A-LR","2083","1866.2366005610675","23.128759026527405","117.69487285614014","8.983181953430176"
"IPSL-CM6A-LR","2084","2144.0104147121747","21.565594494342804","135.2170181274414","7.06436824798584"
"IPSL-CM6A-LR","2085","2063.84504845459","21.50654113292694","90.59473705291748","7.548412322998047"
"IPSL-CM6A-LR","2086","1764.619732033767","17.665998697280884","248.51372623443604","8.064984321594238"
"IPSL-CM6A-LR","2087","1913.7324116679374","22.351330637931824","174.42881298065186","9.707589149475098"
"IPSL-CM6A-LR","2088","1796.01413615793","16.446683645248413","243.02084636688232","10.323901176452637"
"IPSL-CM6A-LR","2089","1934.8193764090538","20.25486348569393","178.740327835083","11.50578498840332"
"IPSL-CM6A-LR","2090","2080.2784289373085","18.991628131829202","185.39763355255127","8.612869262695312"
"IPSL-CM6A-LR","2091","2237.385338224005","25.60971689224243","126.93019390106201","9.737791061401367"
"IPSL-CM6A-LR","2092","2059.908155053854","17.204262137413025","89.87267875671387","7.0101776123046875"
"IPSL-CM6A-LR","2093","2058.874173015356","19.71353840827942","247.59625911712646","9.684383392333984"
"IPSL-CM6A-LR","2094","2219.407552837394","22.890294671058655","203.1697187423706","9.113723754882812"
"IPSL-CM6A-LR","2095","2098.5008327811956","26.474608182907104","168.6705379486084","7.177478790283203"
"IPSL-CM6A-LR","2096","2015.3323078928515","20.302012413740158","268.3916234970093","10.016204833984375"
"IPSL-CM6A-LR","2097","1780.1528697684407","16.08251342177391","179.6103277206421","9.96029281616211"
"IPSL-CM6A-LR","2098","1886.402897618711","23.8951153755188","56.01114463806152","8.32015609741211"
"IPSL-CM6A-LR","2099","2182.383797587827","19.39169517159462","221.87166500091553","10.053892135620117"
"IPSL-CM6A-LR","2100","2056.9333544149995","21.37977945804596","192.79746532440186","9.8330078125"
"MIROC6","2015","2529.3656731713563","24.77839946746826","28.03629779815674","4.913066864013672"
"MIROC6","2016","2726.7794492524117","24.973175883293152","49.72826290130615","9.095503807067871"
"MIROC6","2017","2417.123199848458","17.652554512023926","24.872438430786133","6.853621482849121"
"MIROC6","2018","2791.727528838441","25.163867473602295","13.329057693481445","5.892263412475586"
"MIROC6","2019","2888.189823301276","26.251644611358643","129.66060733795166","10.627732276916504"
"MIROC6","2020","2416.381755873561","23.14276158809662","81.87784194946289","8.759918212890625"
"MIROC6","2021","2646.6227829903364","23.2439968585968","54.98275184631348","6.844819068908691"
"MIROC6","2022","2620.043970907107","23.02533483505249","78.8372220993042","5.895546913146973"
"MIROC6","2023","2211.1126687396318","22.574791431427002","128.9239740371704","7.6487836837768555"
"MIROC6","2024","2412.2025453038514","21.1492882668972","71.31118392944336","7.842644691467285"
"MIROC6","2025","2383.311566904187","21.176050424575806","115.30045890808105","11.968610763549805"
"MIROC6","2026","2602.5091060567647","22.168749392032623","82.74449348449707","8.094369888305664"
"MIROC6","2027","2476.2851141202264","25.922648668289185","86.74570751190186","8.916861534118652"
"MIROC6","2028","2625.074669249356","23.980356454849243","31.57755184173584","5.672229766845703"
"MIROC6","2029","2474.9243829306215","21.13297763466835","74.44101047515869","8.453862190246582"
"MIROC6","2030","2503.092668864876","24.46830189228058","86.5868501663208","11.438643455505371"
"MIROC6","2031","2377.711876604706","20.48392054438591","173.61089611053467","10.958372116088867"
"MIROC6","2032","2382.0102339610457","20.161046504974365","104.43178939819336","7.322169303894043"
"MIROC6","2033","2589.622261017561","22.878278255462646","35.660218238830566","7.879193305969238"
"MIROC6","2034","2371.3169729039073","21.894308775663376","75.93592739105225","8.424839973449707"
"MIROC6","2035","2611.433874435723","20.356115132570267","126.87150478363037","8.495569229125977"
"MIROC6","2036","2597.7142152413726","24.597704887390137","150.96511840820312","10.201391220092773"
"MIROC6","2037","2451.4699979480356","23.86629629135132","46.224534034729004","7.365814208984375"
"MIROC6","2038","2320.9799464419484","22.542707324028015","63.60364055633545","7.195087432861328"
"MIROC6","2039","2355.6475558011443","22.827534079551697","62.65468215942383","9.76294994354248"
"MIROC6","2040","2773.0694455546327","23.978132843971252","33.94415473937988","6.352263450622559"
"MIROC6","2041","2529.6057168589905","21.979748249053955","114.85260963439941","8.87820816040039"
"MIROC6","2042","2531.124721130822","26.277456521987915","36.2869234085083","6.253227233886719"
"MIROC6","2043","2273.6465871073306","21.684796273708344","108.86567974090576","7.711556434631348"
"MIROC6","2044","2417.5029146620072","20.645014222711325","76.07876396179199","7.50521183013916"
"MIROC6","2045","2397.4672089302912","20.73755334317684","67.3134880065918","9.619423866271973"
"MIROC6","2046","2492.6514089677803","24.532591104507446","80.36635494232178","10.454954147338867"
"MIROC6","2047","2235.373472744599","17.353177189826965","115.95702838897705","9.15384578704834"
"MIROC6","2048","2177.18564653676","22.117583990097046","81.92775249481201","7.799587249755859"
"MIROC6","2049","2459.0690321284346","21.633499145507812","111.84806632995605","8.17641544342041"
"MIROC6","2050","2514.6831036931835","24.445002794265747","168.80367279052734","9.298982620239258"
"MIROC6","2051","2485.3619985468686","21.00170947611332","56.773953437805176","12.393255233764648"
"MIROC6","2052","2266.407787686214","20.85828286409378","178.97940731048584","8.353553771972656"
"MIROC6","2053","2476.757721649483","22.400740206241608","147.94574451446533","10.00507926940918"
"MIROC6","2054","2333.805827781558","19.700229316949844","107.71705341339111","11.318650245666504"
"MIROC6","2055","2818.547641314566","22.293907523155212","81.18820381164551","8.351034164428711"
"MIROC6","2056","2492.37878804747","25.01210379600525","51.4796028137207","7.272636413574219"
"MIROC6","2057","2357.0186799429357","21.34188538789749","142.32588958740234","8.94765853881836"
"MIROC6","2058","2265.4311375613324","20.971944630146027","108.5656247138977","7.256382942199707"
"MIROC6","2059","2792.2370733357966","22.814998626708984","56.62768268585205","7.5566864013671875"
"MIROC6","2060","2171.0209995806217","17.94181415438652","82.2108793258667","7.104091644287109"
"MIROC6","2061","2343.3648180831224","26.351348161697388","158.7644329071045","7.660290718078613"
"MIROC6","2062","2178.433051666245","17.81844598054886","55.125624656677246","7.17838191986084"
"MIROC6","2063","2245.199676949531","25.086198329925537","127.12023162841797","8.131444931030273"
"MIROC6","2064","2698.039554425981","28.10439157485962","182.31833457946777","10.366103172302246"
"MIROC6","2065","2614.4973297212273","19.787504099309444","50.8302116394043","9.171483039855957"
"MIROC6","2066","2312.8575842557475","20.876503109931946","81.62934875488281","7.3541765213012695"
"MIROC6","2067","2215.704966649413","20.255809411406517","165.15664958953857","11.418122291564941"
"MIROC6","2068","2325.3351383022964","21.123149693012238","141.0306797027588","9.15897274017334"
"MIROC6","2069","2452.1814290266484","19.265261381864548","56.93074035644531","10.826437950134277"
"MIROC6","2070","2340.230512112379","20.290353655815125","166.9564437866211","10.801666259765625"
"MIROC6","2071","2259.116463975748","20.433653354644775","182.44381713867188","11.977957725524902"
"MIROC6","2072","2152.7331442795694","21.06504249572754","243.41390991210938","10.888596534729004"
"MIROC6","2073","2532.4637655839324","29.08080816268921","181.48824262619019","9.2996826171875"
"MIROC6","2074","2068.140596271958","20.747252464294434","150.3823480606079","10.192760467529297"
"MIROC6","2075","2553.546312000137","23.965444087982178","100.99138832092285","6.66541862487793"
"MIROC6","2076","2101.5637349262834","21.378577828407288","181.61531352996826","12.823885917663574"
"MIROC6","2077","2444.4624835122377","20.77717214822769","116.60898113250732","10.836299896240234"
"MIROC6","2078","2558.715077029541","24.859522819519043","75.9286880493164","7.537252426147461"
"MIROC6","2079","2563.4233981538564","24.856602430343628","73.09847068786621","7.782224655151367"
"MIROC6","2080","2469.1571095134714","20.52045863866806","153.64575386047363","9.751996994018555"
"MIROC6","2081","2311.0615817513317","16.72907567024231","97.26418972015381","7.748522758483887"
"MIROC6","2082","2388.000751725398","21.41735452413559","67.65582847595215","10.010237693786621"
"MIROC6","2083","2159.0286014323356","19.04488253686577","118.78102779388428","10.758252143859863"
"MIROC6","2084","2269.8621490883233","21.468803964555264","198.72612762451172","9.358020782470703"
"MIROC6","2085","2471.9680817062035","21.088880121707916","140.73950672149658","13.305512428283691"
"MIROC6","2086","2287.8858777470887","21.874621272087097","144.83276748657227","9.165380477905273"
"MIROC6","2087","2090.1189279444516","20.331469893455505","119.51380157470703","9.75529670715332"
"MIROC6","2088","2487.9682167666033","23.972875356674194","219.18984985351562","12.48931884765625"
"MIROC6","2089","2380.623854123056","20.887370109558105","136.30912590026855","8.873283386230469"
"MIROC6","2090","2215.7621476780623","18.926362186670303","48.08481788635254","8.956741333007812"
"MIROC6","2091","2289.700787199661","21.674378216266632","213.40317344665527","12.409412384033203"
"MIROC6","2092","2311.959876842797","21.323629140853882","197.76845836639404","8.26282787322998"
"MIROC6","2093","2386.740818171762","24.904476642608643","224.62218475341797","10.69970417022705"
"MIROC6","2094","2565.269072137773","23.009648084640503","121.1332311630249","11.977812767028809"
"MIROC6","2095","2382.2589086350054","21.04392558336258","150.37728643417358","7.9975690841674805"
"MIROC6","2096","2184.885613301769","19.054656896740198","138.20114088058472","9.736928939819336"
"MIROC6","2097","2324.898774649948","23.748699188232422","119.01428079605103","7.705333709716797"
"MIROC6","2098","2315.607745968853","19.983966191415675","136.17832851409912","10.773859977722168"
"MIROC6","2099","2013.9441760629416","23.694960832595825","129.06133270263672","9.657768249511719"
"MIROC6","2100","2103.999406245537","16.427339613437653","95.72683382034302","8.657318115234375"
"MPI-ESM1-2-HR","2015","2768.9184366576374","24.09701108932495","4.025078773498535","4.025078773498535"
"MPI-ESM1-2-HR","2016","2922.837616349105","26.635048389434814","51.252814292907715","6.433664321899414"
"MPI-ESM1-2-HR","2017","2882.3226144225337","28.42256784439087","6.526235580444336","3.4698801040649414"
"MPI-ESM1-2-HR","2018","2670.4212712419103","21.64752209186554","77.65009880065918","7.9116315841674805"
"MPI-ESM1-2-HR","2019","2806.2964135594666","21.59383201599121","15.479856491088867","4.664675712585449"
"MPI-ESM1-2-HR","2020","2445.0430801643524","18.60978302359581","75.31303405761719","8.946575164794922"
"MPI-ESM1-2-HR","2021","2641.9078568965197","22.38114559650421","93.10629796981812","10.08338737487793"
"MPI-ESM1-2-HR","2022","2349.87475630641","22.145908057689667","22.22627067565918","4.289458274841309"
"MPI-ESM1-2-HR","2023","2900.4607323054224","21.419063091278076","3.939321517944336","3.939321517944336"
"MPI-ESM1-2-HR","2024","3293.0452110082842","25.73698377609253","29.887999534606934","8.702107429504395"
"MPI-ESM1-2-HR","2025","2276.4655373715796","19.678319811820984","139.6672773361206","8.7481107711792"
"MPI-ESM1-2-HR","2026","2523.6175487414002","26.107746839523315","86.79812622070312","9.997440338134766"
"MPI-ESM1-2-HR","2027","2786.9621100492077","21.840195059776306","51.215941429138184","7.809453964233398"
"MPI-ESM1-2-HR","2028","2674.2504743002355","25.827486276626587","120.83934020996094","10.285894393920898"
"MPI-ESM1-2-HR","2029","2409.4521503727883","24.287675380706787","58.954867362976074","8.072415351867676"
"MPI-ESM1-2-HR","2030","2762.960342680104","21.892427563667297","41.822065353393555","7.2159881591796875"
"MPI-ESM1-2-HR","2031","3038.7740798993036","23.64640188217163","56.22383975982666","7.366235733032227"
"MPI-ESM1-2-HR","2032","2595.518067875877","23.54490303993225","49.21662998199463","8.4153413772583"
"MPI-ESM1-2-HR","2033","2507.493107372895","22.289981722831726","38.80935478210449","6.1731719970703125"
"MPI-ESM1-2-HR","2034","2478.4557088911533","24.325093269348145","65.28020095825195","7.434784889221191"
"MPI-ESM1-2-HR","2035","2728.478205895517","25.298497438430786","21.27269458770752","5.293440818786621"
"MPI-ESM1-2-HR","2036","2598.724520341959","21.257806272711605","16.382813453674316","4.770705223083496"
"MPI-ESM1-2-HR","2037","2710.4441979597323","23.653018951416016","5.563909530639648","5.563909530639648"
"MPI-ESM1-2-HR","2038","2603.5958497822285","24.61227059364319","100.8473596572876","9.850378036499023"
"MPI-ESM1-2-HR","2039","2857.233995988965","29.808298587799072","21.9256010055542","4.463754653930664"
"MPI-ESM1-2-HR","2040","2625.292369319126","22.575138330459595","141.26766777038574","10.166318893432617"
"MPI-ESM1-2-HR","2041","2566.2387318816036","22.684242844581604","3.1969947814941406","3.1969947814941406"
"MPI-ESM1-2-HR","2042","2380.2812514044344","20.467272639274597","152.7291612625122","9.157349586486816"
"MPI-ESM1-2-HR","2043","2957.2781273964792","25.021374702453613","18.135169982910156","4.18341064453125"
"MPI-ESM1-2-HR","2044","2373.5447406880558","25.06679677963257","217.33007431030273","10.695475578308105"
"MPI-ESM1-2-HR","2045","2665.118243165314","24.54427981376648","31.945548057556152","6.52549934387207"
"MPI-ESM1-2-HR","2046","2691.430531054735","25.986788272857666","42.838622093200684","6.378812789916992"
"MPI-ESM1-2-HR","2047","2603.246587092988","24.511985659599304","4.846192359924316","4.846192359924316"
"MPI-ESM1-2-HR","2048","2497.199519891292","22.2014741897583","182.82172775268555","12.468280792236328"
"MPI-ESM1-2-HR","2049","2365.2605443522334","21.579674154520035","59.52428674697876","9.410364151000977"
"MPI-ESM1-2-HR","2050","2521.287256793119","22.95694100856781","66.47434616088867","6.53061580657959"
"MPI-ESM1-2-HR","2051","2503.832040702924","19.643476486206055","18.52518367767334","4.765077590942383"
"MPI-ESM1-2-HR","2052","2660.8854152560234","23.670791268348694","191.80673599243164","11.494400024414062"
"MPI-ESM1-2-HR","2053","2951.5671758074313","25.910141706466675","37.68310356140137","6.247620582580566"
"MPI-ESM1-2-HR","2054","2558.511835716665","27.122384548187256","63.79555320739746","6.778103828430176"
"MPI-ESM1-2-HR","2055","2331.8267628597096","24.647730588912964","81.50294399261475","7.170574188232422"
"MPI-ESM1-2-HR","2056","2660.9470020011067","26.00809144973755","81.41372489929199","9.6324462890625"
"MPI-ESM1-2-HR","2057","2576.8417393732816","24.65850853919983","89.06397294998169","7.789706230163574"
"MPI-ESM1-2-HR","2058","2492.216025803238","22.137927055358887","65.25716972351074","7.735200881958008"
"MPI-ESM1-2-HR","2059","2882.9479151773266","23.003803968429565","80.81749248504639","8.912671089172363"
"MPI-ESM1-2-HR","2060","2568.052074039355","21.063794434070587","108.99504089355469","10.70559310913086"
"MPI-ESM1-2-HR","2061","2460.980395862367","24.31590962409973","74.80920124053955","6.348020553588867"
"MPI-ESM1-2-HR","2062","2415.659691154957","20.271262407302856","146.17915725708008","7.45339298248291"
"MPI-ESM1-2-HR","2063","2288.913927286165","24.63518714904785","82.57921886444092","8.702741622924805"
"MPI-ESM1-2-HR","2064","2469.1274689323036","24.311234951019287","113.02486324310303","11.86795711517334"
"MPI-ESM1-2-HR","2065","2551.2356730028987","26.191442728042603","105.97042655944824","10.891348838806152"
"MPI-ESM1-2-HR","2066","2624.897475205362","25.368926525115967","47.19253444671631","5.36790657043457"
"MPI-ESM1-2-HR","2067","2537.619288450107","21.390349805355072","103.27651023864746","7.983218193054199"
"MPI-ESM1-2-HR","2068","2207.3439297670266","17.09156070649624","90.83800029754639","8.972686767578125"
"MPI-ESM1-2-HR","2069","2432.82861956954","24.016405820846558","152.88672256469727","9.308492660522461"
"MPI-ESM1-2-HR","2070","2582.329516272992","27.38516116142273","99.29862689971924","10.61532211303711"
"MPI-ESM1-2-HR","2071","2695.292071899399","22.0858291387558","45.01984405517578","7.686573028564453"
"MPI-ESM1-2-HR","2072","2466.8917173966765","20.11751565337181","126.90197849273682","11.847670555114746"
"MPI-ESM1-2-HR","2073","2369.028652779758","19.374585434794426","34.618868827819824","5.458992958068848"
"MPI-ESM1-2-HR","2074","2536.282974658534","23.812543511390686","13.354266166687012","8.907177925109863"
"MPI-ESM1-2-HR","2075","2657.009894516319","27.943883657455444","78.37420272827148","6.190411567687988"
"MPI-ESM1-2-HR","2076","2393.1520115667954","18.880405485630035","82.4926118850708","9.41402816772461"
"MPI-ESM1-2-HR","2077","2483.8903351266636","23.18241286277771","34.08228874206543","7.514888763427734"
"MPI-ESM1-2-HR","2078","2508.9363068733364","19.754044614732265","195.77100086212158","10.820101737976074"
"MPI-ESM1-2-HR","2079","2541.2315196236596","19.9450602857396","73.96199989318848","9.186070442199707"
"MPI-ESM1-2-HR","2080","2361.3456792952493","23.696531295776367","230.98751831054688","10.969905853271484"
"MPI-ESM1-2-HR","2081","2617.1893876791","23.351543188095093","104.46530055999756","7.983366966247559"
"MPI-ESM1-2-HR","2082","2384.099642138928","23.88614249229431","106.04559135437012","9.791419982910156"
"MPI-ESM1-2-HR","2083","2248.236527144909","26.184969186782837","65.91758251190186","7.743010520935059"
"MPI-ESM1-2-HR","2084","2355.398499548435","17.88428395986557","18.335153579711914","4.208386421203613"
"MPI-ESM1-2-HR","2085","2364.785884208977","22.644707441329956","46.97434329986572","7.036299705505371"
"MPI-ESM1-2-HR","2086","2213.612991001457","23.206180334091187","146.14973878860474","8.539095878601074"
"MPI-ESM1-2-HR","2087","2557.3870095200837","28.491066455841064","24.877158164978027","6.734193801879883"
"MPI-ESM1-2-HR","2088","2382.413365509361","20.797555446624756","57.94437503814697","9.296977043151855"
"MPI-ESM1-2-HR","2089","2328.9670292610535","19.817830443382263","67.4051103591919","9.11991024017334"
"MPI-ESM1-2-HR","2090","2395.0089717637748","21.168091297149658","24.737340927124023","6.927165985107422"
"MPI-ESM1-2-HR","2091","2489.277608698234","25.61873459815979","79.88872718811035","7.021664619445801"
"MPI-ESM1-2-HR","2092","2493.0872256364673","21.6283460855484","77.65488529205322","9.45128345489502"
"MPI-ESM1-2-HR","2093","2656.9701978713274","25.538053035736084","62.384074211120605","8.941509246826172"
"MPI-ESM1-2-HR","2094","2553.115895250812","26.07479166984558","76.82063579559326","12.553221702575684"
"MPI-ESM1-2-HR","2095","2621.6529173105955","22.107287764549255","133.0989785194397","9.968446731567383"
"MPI-ESM1-2-HR","2096","2124.3531315829605","21.23583161830902","115.17351627349854","7.840185165405273"
"MPI-ESM1-2-HR","2097","2125.5851074010134","19.107945531606674","62.41884660720825","9.965895652770996"
"MPI-ESM1-2-HR","2098","2606.557255940046","26.09748935699463","93.66812801361084","12.509968757629395"
"MPI-ESM1-2-HR","2099","2443.1335038724355","23.38900351524353","141.78883743286133","8.53908920288086"
"MPI-ESM1-2-HR","2100","2209.2477444559336","25.000258445739746","144.09682750701904","11.07069206237793"
"NorESM2-MM","2015","2742.4483505487733","22.876827239990234","51.907029151916504","6.527505874633789"
"NorESM2-MM","2016","2200.4543060207507","21.307247712626122","70.4707727432251","7.8436279296875"
"NorESM2-MM","2017","2952.8760097920895","27.4216570854187","19.353644371032715","6.086586952209473"
"NorESM2-MM","2018","2676.901183139533","23.449736952781677","61.23517036437988","7.5170793533325195"
"NorESM2-MM","2019","2843.998679583892","25.79255986213684","49.3106050491333","7.765133857727051"
"NorESM2-MM","2020","2663.501200415194","27.457298278808594","93.79841136932373","8.416657447814941"
"NorESM2-MM","2021","2570.85898212716","23.360395431518555","67.3226375579834","7.271393775939941"
"NorESM2-MM","2022","2610.437865315005","24.328479766845703","23.86770248413086","5.168078422546387"
"NorESM2-MM","2023","2819.503219895065","24.481890320777893","44.675161361694336","8.167501449584961"
"NorESM2-MM","2024","2958.8112280685455","25.1031436920166","7.911681175231934","4.397189140319824"
"NorESM2-MM","2025","3000.9350393954664","23.715180695056915","98.31270456314087","9.346980094909668"
"NorESM2-MM","2026","2788.998362033628","22.16952133178711","20.4184513092041","4.471622467041016"
"NorESM2-MM","2027","2671.1859663734213","28.67983055114746","85.26388740539551","7.659765243530273"
"NorESM2-MM","2028","2837.214430904016","26.379491090774536","58.70988941192627","7.811519622802734"
"NorESM2-MM","2029","2628.8128706831485","20.77538952231407","85.14386940002441","9.076776504516602"
"NorESM2-MM","2030","2911.0041586635634","26.95505976676941","37.124552726745605","7.999049186706543"
"NorESM2-MM","2031","2773.3377799987793","21.10315638780594","58.412068367004395","8.5919189453125"
"NorESM2-MM","2032","2534.392438640818","19.418765008449554","105.6865463256836","9.835844993591309"
"NorESM2-MM","2033","2681.7551413178444","21.251719683408737","62.393500328063965","8.114748001098633"
"NorESM2-MM","2034","2696.8597597293556","25.32852554321289","38.91291332244873","7.694672584533691"
"NorESM2-MM","2035","2878.604762269184","24.646674394607544","51.98255729675293","7.729083061218262"
"NorESM2-MM","2036","2626.6687569208443","21.792699981480837","84.0788106918335","8.258142471313477"
"NorESM2-MM","2037","2511.2148774527013","23.649449348449707","103.18465042114258","7.923760414123535"
"NorESM2-MM","2038","2650.674027944915","25.9662024974823","31.862217903137207","6.7482404708862305"
"NorESM2-MM","2039","2243.140087957727","21.440063774585724","88.46147632598877","9.567967414855957"
"NorESM2-MM","2040","2552.896057160571","17.798451483249664","52.282137870788574","7.911965370178223"
"NorESM2-MM","2041","2593.6757841678336","22.06158757209778","79.99166774749756","9.033238410949707"
"NorESM2-MM","2042","2511.7798342481256","26.089667558670044","55.03157901763916","8.445518493652344"
"NorESM2-MM","2043","2836.1857431996614","28.870745182037354","149.4884295463562","9.102611541748047"
"NorESM2-MM","2044","2563.195839881897","27.109260320663452","145.38421201705933","10.12279224395752"
"NorESM2-MM","2045","2687.0892908908427","32.61691093444824","107.44646835327148","9.075846672058105"
"NorESM2-MM","2046","2789.7046099491417","30.313650846481323","27.546299934387207","5.109594345092773"
"NorESM2-MM","2047","2728.663637476042","22.269118547439575","81.16720008850098","9.850116729736328"
"NorESM2-MM","2048","2333.623606902547","22.185720801353455","55.84016132354736","9.241028785705566"
"NorESM2-MM","2049","2328.358167500759","22.621889114379883","93.3109827041626","9.058470726013184"
"NorESM2-MM","2050","2593.2018764950335","18.594178318977356","64.60477352142334","8.682720184326172"
"NorESM2-MM","2051","2431.851177085191","22.53704935312271","30.68535041809082","7.401503562927246"
"NorESM2-MM","2052","2336.696421071887","18.81426990032196","122.37197494506836","6.922458648681641"
"NorESM2-MM","2053","2176.7995481472462","17.54816573858261","45.916351318359375","6.544262886047363"
"NorESM2-MM","2054","2428.304913662374","17.917375445365906","131.06092071533203","8.707552909851074"
"NorESM2-MM","2055","2599.0403665397316","18.40349668264389","111.11793231964111","9.0169095993042"
"NorESM2-MM","2056","2361.1274013491347","22.62659466266632","114.88433837890625","7.60672664642334"
"NorESM2-MM","2057","2268.999044716358","21.28301540017128","188.70192432403564","12.268172264099121"
"NorESM2-MM","2058","2217.201988411922","21.770999670028687","233.9819803237915","9.469669342041016"
"NorESM2-MM","2059","2671.394553236896","23.827613830566406","48.63571834564209","5.652804374694824"
"NorESM2-MM","2060","2649.2587362919003","21.713681519031525","43.01100254058838","7.734186172485352"
"NorESM2-MM","2061","2576.589807253331","23.920931577682495","253.7487335205078","11.415196418762207"
"NorESM2-MM","2062","2489.8350604805164","25.405702590942383","127.87856578826904","10.663382530212402"
"NorESM2-MM","2063","2414.3622348941863","23.16564452648163","82.54131889343262","13.087529182434082"
"NorESM2-MM","2064","2574.1055443659425","19.67912244796753","55.21952533721924","8.458176612854004"
"NorESM2-MM","2065","2519.229329522699","21.847206473350525","34.09949588775635","5.204770088195801"
"NorESM2-MM","2066","2773.131019361317","22.55915117263794","31.652599334716797","4.98307991027832"
"NorESM2-MM","2067","2258.9290582640097","21.3095810264349","207.91284656524658","10.643217086791992"
"NorESM2-MM","2068","2370.724828056991","21.02547052502632","144.29928302764893","7.791543006896973"
"NorESM2-MM","2069","2318.080930519849","19.190375216305256","57.6533088684082","8.973458290100098"
"NorESM2-MM","2070","2613.226795086637","21.96846942603588","187.01940727233887","8.480780601501465"
"NorESM2-MM","2071","2651.959920473397","20.585104823112488","133.63718700408936","9.89634895324707"
"NorESM2-MM","2072","2531.896113926545","21.707590460777283","174.35797786712646","9.850205421447754"
"NorESM2-MM","2073","2220.585298486054","21.113514572381973","124.71189880371094","7.830957412719727"
"NorESM2-MM","2074","2339.7295576930046","20.35728082060814","107.24946403503418","8.074129104614258"
"NorESM2-MM","2075","2550.543040415272","27.896727323532104","109.87369441986084","9.665465354919434"
"NorESM2-MM","2076","2348.9908661018126","25.78806757926941","147.81736183166504","11.192085266113281"
"NorESM2-MM","2077","2409.0137543678284","23.57702338695526","67.41894340515137","9.199075698852539"
"NorESM2-MM","2078","2680.808800406754","21.684834480285645","41.74800968170166","5.339559555053711"
"NorESM2-MM","2079","2143.0190065279603","18.696201741695404","30.775571823120117","4.782806396484375"
"NorESM2-MM","2080","2309.744938619435","20.69864997267723","149.32784271240234","11.00084114074707"
"NorESM2-MM","2081","2516.821948471479","23.550307989120483","215.88636589050293","10.791754722595215"
"NorESM2-MM","2082","2374.250779993832","20.39802235364914","239.2946548461914","11.556856155395508"
"NorESM2-MM","2083","2620.000437013805","26.31789493560791","92.45886993408203","7.309433937072754"
"NorESM2-MM","2084","2321.8928044009954","25.1165052652359","68.7380199432373","7.715864181518555"
"NorESM2-MM","2085","2464.73362704413","20.76507967710495","77.35483074188232","7.010654449462891"
"NorESM2-MM","2086","2473.7046869047917","21.680886149406433","176.30731868743896","11.782926559448242"
"NorESM2-MM","2087","2521.721861806931","29.599077224731445","162.16411685943604","10.887998580932617"
"NorESM2-MM","2088","2229.4414856486255","22.841846823692322","179.99487781524658","11.528543472290039"
"NorESM2-MM","2089","2695.6211719093844","19.61466646194458","156.06555652618408","8.726576805114746"
"NorESM2-MM","2090","2396.366001793649","23.032424569129944","30.162994384765625","4.701250076293945"
"NorESM2-MM","2091","2517.1100570941344","21.487840920686722","164.6526918411255","8.164928436279297"
"NorESM2-MM","2092","2424.0353103131056","18.51452112197876","74.2396821975708","8.466364860534668"
"NorESM2-MM","2093","2543.106137065217","23.541147708892822","50.71224021911621","7.876328468322754"
"NorESM2-MM","2094","2647.22692477284","23.94875693321228","124.74851036071777","11.551441192626953"
"NorESM2-MM","2095","2409.3008605104405","18.48704132437706","39.10727500915527","4.753630638122559"
"NorESM2-MM","2096","2768.990083214361","21.723394215106964","178.07164001464844","10.08887004852295"
"NorESM2-MM","2097","2402.3072586626513","19.21297649620101","74.37388610839844","9.365949630737305"
"NorESM2-MM","2098","2523.358453293331","25.617586255073547","69.67143058776855","9.260321617126465"
"NorESM2-MM","2099","2366.2733066324145","19.998585127294064","114.27458953857422","8.748875617980957"
"NorESM2-MM","2100","2476.7643494978547","25.129751920700073","109.19094371795654","9.33797550201416"
